GAME_BRANCH	Steam branch of the game, installed or updated on every start: public (the stable game, default), unstable (the beta), an older version such as 42.19, or legacy41 (Build 41), as listed under "Betas" in Steam.
GAME_UPDATE	Check Steam for a game update on every start (true/false, default true). With false an installed game starts as it is.
GAME_FILE_WATCHER	The game's file watcher, which reloads game and mod files that change while the server runs: auto (default) turns it off for a start when the game would need more than half of the host's inotify watches (fs.inotify.max_user_watches) or its mod folders can't be counted yet, since running out stops the server; true keeps it on, false keeps it off.
ADMINUSERNAME	Admin account name created on the first start (default: admin).
ADMINPASSWORD	Admin account password. Required on the first start, when the server creates its database; ignored afterwards.
ADMINPASSWORD_FILE	File holding the admin password; takes precedence over ADMINPASSWORD.
WORKSHOP_IDS	Workshop item and collection IDs separated by ';'. Collections are expanded and written to WorkshopItems, and items not downloaded yet are downloaded with SteamCMD before the server starts. Set it empty to clear WorkshopItems.
STEAM_API_KEY	Steam Web API key, only needed to expand private or unlisted collections in WORKSHOP_IDS and for list-mods to list each item's required items.
MOD_UPDATE_CHECK	How often the server checks the workshop items it started with for updates, such as 15m or 1h (s, m or h; empty, the default, turns it off), since players can't join while it has an older version of an item. When one has an update, the server warns the players online 5 minutes ahead (or the interval, when that is shorter) and quits, saving the world, to download it when it starts again. That needs a restart policy such as unless-stopped, as the container exits with code 0.
SERVERPRESET	Sandbox preset (a file name in media/lua/shared/Sandbox) used to create the SandboxVars file when it does not exist.
SERVERPRESETREPLACE	Overwrite an existing SandboxVars file with SERVERPRESET on every start (true/false).
CONFIG_STRICT	Refuse to start when an INI_ or SANDBOX_ variable matches no setting or has a value of the wrong type (true/false).
MEMORY	Java heap size, for example 4096m or 8g. Sets both -Xms and -Xmx.
SOFTRESET	Start with a soft reset (true/false).
DEBUG	Start the server in debug mode (true/false).
COOP	Start as a coop server instead of a dedicated one (true/false).
NOSTEAM	Start without Steam, for non-Steam clients (true/false).
MODFOLDERS	Mod folder search order, for example workshop,steam,mods.
IP	Address the server binds to.
PORT	Main UDP port (default 16261).
UDPPORT	Second UDP port (default 16262).
STEAMPORT1	Steam port 1.
STEAMPORT2	Steam port 2.
STEAMVAC	Enable Valve Anti-Cheat (true/false).
LANG	Locale for the server, for example en_US.UTF-8. Must be installed in the image (see the EXTRA_LOCALES build argument).
